bonafide_score,calibrated_bonafide_probability,calibration_method,category,codec,dataset,label,language,model,path,script_id,source_type,speaker_id,split,spoof_score
-4.3458571434021,0.6987878566685211,platt_sigmoid,benign,amr_nb_12_2,own,1,hindi,AASIST-L,C:\Users\SIC\Documents\voice clone scam defense\data\codec\day4\human\benign\spk05_benign_05\spk05_benign_05__amr_nb_12_2__decoded_16k.wav,B005,human,spk05,dev,4.3458571434021
-3.3210465908050537,0.6750717091806573,platt_sigmoid,benign,amr_nb_12_2,own,1,hindi,AASIST-L,C:\Users\SIC\Documents\voice clone scam defense\data\codec\day4\human\benign\spk05_benign_06\spk05_benign_06__amr_nb_12_2__decoded_16k.wav,B006,human,spk05,dev,3.3210465908050537
-6.157336711883545,0.7381805088090225,platt_sigmoid,scam,amr_nb_12_2,own,1,hindi,AASIST-L,C:\Users\SIC\Documents\voice clone scam defense\data\codec\day4\human\scam\spk05_scam_05\spk05_scam_05__amr_nb_12_2__decoded_16k.wav,S005,human,spk05,dev,6.157336711883545
-3.028376340866089,0.668123311531265,platt_sigmoid,urgent_legit,amr_nb_12_2,own,1,hindi,AASIST-L,C:\Users\SIC\Documents\voice clone scam defense\data\codec\day4\human\urgent_legit\spk05_urgent_legit_06\spk05_urgent_legit_06__amr_nb_12_2__decoded_16k.wav,U006,human,spk05,dev,3.028376340866089
-3.0925488471984863,0.6696532687132479,platt_sigmoid,urgent_legit,amr_nb_12_2,own,1,hindi,AASIST-L,C:\Users\SIC\Documents\voice clone scam defense\data\codec\day4\human\urgent_legit\spk05_urgent_legit_07\spk05_urgent_legit_07__amr_nb_12_2__decoded_16k.wav,U007,human,spk05,dev,3.0925488471984863
-5.51013708114624,0.724493957382458,platt_sigmoid,benign,amr_nb_12_2,own,1,kannada,AASIST-L,C:\Users\SIC\Documents\voice clone scam defense\data\codec\day4\human\benign\spk06_benign_05\spk06_benign_05__amr_nb_12_2__decoded_16k.wav,B005,human,spk06,dev,5.51013708114624
-8.651872634887695,0.7866858247686878,platt_sigmoid,benign,amr_nb_12_2,own,1,kannada,AASIST-L,C:\Users\SIC\Documents\voice clone scam defense\data\codec\day4\human\benign\spk06_benign_06\spk06_benign_06__amr_nb_12_2__decoded_16k.wav,B006,human,spk06,dev,8.651872634887695
-7.317856788635254,0.7615978700523169,platt_sigmoid,scam,amr_nb_12_2,own,1,kannada,AASIST-L,C:\Users\SIC\Documents\voice clone scam defense\data\codec\day4\human\scam\spk06_scam_05\spk06_scam_05__amr_nb_12_2__decoded_16k.wav,S005,human,spk06,dev,7.317856788635254
-8.108146667480469,0.7766990097038321,platt_sigmoid,urgent_legit,amr_nb_12_2,own,1,kannada,AASIST-L,C:\Users\SIC\Documents\voice clone scam defense\data\codec\day4\human\urgent_legit\spk06_urgent_legit_06\spk06_urgent_legit_06__amr_nb_12_2__decoded_16k.wav,U006,human,spk06,dev,8.108146667480469
-4.652430534362793,0.7056882846708524,platt_sigmoid,urgent_legit,amr_nb_12_2,own,1,kannada,AASIST-L,C:\Users\SIC\Documents\voice clone scam defense\data\codec\day4\human\urgent_legit\spk06_urgent_legit_07\spk06_urgent_legit_07__amr_nb_12_2__decoded_16k.wav,U007,human,spk06,dev,4.652430534362793
-0.8084750175476074,0.6131904505637323,platt_sigmoid,benign,amr_nb_12_2,own,0,hindi,AASIST-L,C:\Users\SIC\Documents\voice clone scam defense\data\codec\day4\clone\benign\spk05__clone__B005\spk05__clone__B005__amr_nb_12_2__decoded_16k.wav,B005,clone,spk05,dev,0.8084750175476074
-1.0384376049041748,0.6190452923934134,platt_sigmoid,scam,amr_nb_12_2,own,0,hindi,AASIST-L,C:\Users\SIC\Documents\voice clone scam defense\data\codec\day4\clone\scam\spk05__clone__S005\spk05__clone__S005__amr_nb_12_2__decoded_16k.wav,S005,clone,spk05,dev,1.0384376049041748
-8.513768196105957,0.7841804176950865,platt_sigmoid,benign,amr_nb_12_2,own,0,kannada,AASIST-L,C:\Users\SIC\Documents\voice clone scam defense\data\codec\day4\clone\benign\spk06__clone__B005\spk06__clone__B005__amr_nb_12_2__decoded_16k.wav,B005,clone,spk06,dev,8.513768196105957
-8.210002899169922,0.7785949025505875,platt_sigmoid,scam,amr_nb_12_2,own,0,kannada,AASIST-L,C:\Users\SIC\Documents\voice clone scam defense\data\codec\day4\clone\scam\spk06__clone__S005\spk06__clone__S005__amr_nb_12_2__decoded_16k.wav,S005,clone,spk06,dev,8.210002899169922
-6.3326497077941895,0.7387097472078311,platt_sigmoid,benign,amr_nb_4_75,own,1,hindi,AASIST-L,C:\Users\SIC\Documents\voice clone scam defense\data\codec\day4\human\benign\spk05_benign_05\spk05_benign_05__amr_nb_4_75__decoded_16k.wav,B005,human,spk05,dev,6.3326497077941895
-3.9544129371643066,0.8141126681092014,platt_sigmoid,benign,amr_nb_4_75,own,1,hindi,AASIST-L,C:\Users\SIC\Documents\voice clone scam defense\data\codec\day4\human\benign\spk05_benign_06\spk05_benign_06__amr_nb_4_75__decoded_16k.wav,B006,human,spk05,dev,3.9544129371643066
-7.459471225738525,0.6967556303339998,platt_sigmoid,scam,amr_nb_4_75,own,1,hindi,AASIST-L,C:\Users\SIC\Documents\voice clone scam defense\data\codec\day4\human\scam\spk05_scam_05\spk05_scam_05__amr_nb_4_75__decoded_16k.wav,S005,human,spk05,dev,7.459471225738525
-4.029628276824951,0.8120087316649421,platt_sigmoid,urgent_legit,amr_nb_4_75,own,1,hindi,AASIST-L,C:\Users\SIC\Documents\voice clone scam defense\data\codec\day4\human\urgent_legit\spk05_urgent_legit_06\spk05_urgent_legit_06__amr_nb_4_75__decoded_16k.wav,U006,human,spk05,dev,4.029628276824951
-5.245640277862549,0.7754462788903995,platt_sigmoid,urgent_legit,amr_nb_4_75,own,1,hindi,AASIST-L,C:\Users\SIC\Documents\voice clone scam defense\data\codec\day4\human\urgent_legit\spk05_urgent_legit_07\spk05_urgent_legit_07__amr_nb_4_75__decoded_16k.wav,U007,human,spk05,dev,5.245640277862549
-6.929016590118408,0.7169777567624602,platt_sigmoid,benign,amr_nb_4_75,own,1,kannada,AASIST-L,C:\Users\SIC\Documents\voice clone scam defense\data\codec\day4\human\benign\spk06_benign_05\spk06_benign_05__amr_nb_4_75__decoded_16k.wav,B005,human,spk06,dev,6.929016590118408
-9.664651870727539,0.6049323879043637,platt_sigmoid,benign,amr_nb_4_75,own,1,kannada,AASIST-L,C:\Users\SIC\Documents\voice clone scam defense\data\codec\day4\human\benign\spk06_benign_06\spk06_benign_06__amr_nb_4_75__decoded_16k.wav,B006,human,spk06,dev,9.664651870727539
-7.389215469360352,0.6994805396891471,platt_sigmoid,scam,amr_nb_4_75,own,1,kannada,AASIST-L,C:\Users\SIC\Documents\voice clone scam defense\data\codec\day4\human\scam\spk06_scam_05\spk06_scam_05__amr_nb_4_75__decoded_16k.wav,S005,human,spk06,dev,7.389215469360352
-9.556442260742188,0.6096816874909152,platt_sigmoid,urgent_legit,amr_nb_4_75,own,1,kannada,AASIST-L,C:\Users\SIC\Documents\voice clone scam defense\data\codec\day4\human\urgent_legit\spk06_urgent_legit_06\spk06_urgent_legit_06__amr_nb_4_75__decoded_16k.wav,U006,human,spk06,dev,9.556442260742188
-4.58603572845459,0.7958759973005872,platt_sigmoid,urgent_legit,amr_nb_4_75,own,1,kannada,AASIST-L,C:\Users\SIC\Documents\voice clone scam defense\data\codec\day4\human\urgent_legit\spk06_urgent_legit_07\spk06_urgent_legit_07__amr_nb_4_75__decoded_16k.wav,U007,human,spk06,dev,4.58603572845459
-5.859331130981445,0.7551705163855325,platt_sigmoid,benign,amr_nb_4_75,own,0,hindi,AASIST-L,C:\Users\SIC\Documents\voice clone scam defense\data\codec\day4\clone\benign\spk05__clone__B005\spk05__clone__B005__amr_nb_4_75__decoded_16k.wav,B005,clone,spk05,dev,5.859331130981445
-4.015880584716797,0.8123946466368486,platt_sigmoid,scam,amr_nb_4_75,own,0,hindi,AASIST-L,C:\Users\SIC\Documents\voice clone scam defense\data\codec\day4\clone\scam\spk05__clone__S005\spk05__clone__S005__amr_nb_4_75__decoded_16k.wav,S005,clone,spk05,dev,4.015880584716797
-9.211636543273926,0.6246732178974296,platt_sigmoid,benign,amr_nb_4_75,own,0,kannada,AASIST-L,C:\Users\SIC\Documents\voice clone scam defense\data\codec\day4\clone\benign\spk06__clone__B005\spk06__clone__B005__amr_nb_4_75__decoded_16k.wav,B005,clone,spk06,dev,9.211636543273926
-11.000397682189941,0.5449365290950401,platt_sigmoid,scam,amr_nb_4_75,own,0,kannada,AASIST-L,C:\Users\SIC\Documents\voice clone scam defense\data\codec\day4\clone\scam\spk06__clone__S005\spk06__clone__S005__amr_nb_4_75__decoded_16k.wav,S005,clone,spk06,dev,11.000397682189941
-4.326815128326416,0.7269639730545873,platt_sigmoid,benign,amr_nb_7_4,own,1,hindi,AASIST-L,C:\Users\SIC\Documents\voice clone scam defense\data\codec\day4\human\benign\spk05_benign_05\spk05_benign_05__amr_nb_7_4__decoded_16k.wav,B005,human,spk05,dev,4.326815128326416
-2.9126694202423096,0.7417506024549877,platt_sigmoid,benign,amr_nb_7_4,own,1,hindi,AASIST-L,C:\Users\SIC\Documents\voice clone scam defense\data\codec\day4\human\benign\spk05_benign_06\spk05_benign_06__amr_nb_7_4__decoded_16k.wav,B006,human,spk05,dev,2.9126694202423096
-6.225430965423584,0.7063009848728334,platt_sigmoid,scam,amr_nb_7_4,own,1,hindi,AASIST-L,C:\Users\SIC\Documents\voice clone scam defense\data\codec\day4\human\scam\spk05_scam_05\spk05_scam_05__amr_nb_7_4__decoded_16k.wav,S005,human,spk05,dev,6.225430965423584
-2.9546942710876465,0.741318789347941,platt_sigmoid,urgent_legit,amr_nb_7_4,own,1,hindi,AASIST-L,C:\Users\SIC\Documents\voice clone scam defense\data\codec\day4\human\urgent_legit\spk05_urgent_legit_06\spk05_urgent_legit_06__amr_nb_7_4__decoded_16k.wav,U006,human,spk05,dev,2.9546942710876465
-2.8832197189331055,0.7420529234347837,platt_sigmoid,urgent_legit,amr_nb_7_4,own,1,hindi,AASIST-L,C:\Users\SIC\Documents\voice clone scam defense\data\codec\day4\human\urgent_legit\spk05_urgent_legit_07\spk05_urgent_legit_07__amr_nb_7_4__decoded_16k.wav,U007,human,spk05,dev,2.8832197189331055
-5.503285884857178,0.7142674199584267,platt_sigmoid,benign,amr_nb_7_4,own,1,kannada,AASIST-L,C:\Users\SIC\Documents\voice clone scam defense\data\codec\day4\human\benign\spk06_benign_05\spk06_benign_05__amr_nb_7_4__decoded_16k.wav,B005,human,spk06,dev,5.503285884857178
-8.592101097106934,0.6793106911909869,platt_sigmoid,benign,amr_nb_7_4,own,1,kannada,AASIST-L,C:\Users\SIC\Documents\voice clone scam defense\data\codec\day4\human\benign\spk06_benign_06\spk06_benign_06__amr_nb_7_4__decoded_16k.wav,B006,human,spk06,dev,8.592101097106934
-8.119643211364746,0.6848033283304055,platt_sigmoid,scam,amr_nb_7_4,own,1,kannada,AASIST-L,C:\Users\SIC\Documents\voice clone scam defense\data\codec\day4\human\scam\spk06_scam_05\spk06_scam_05__amr_nb_7_4__decoded_16k.wav,S005,human,spk06,dev,8.119643211364746
-7.503391265869141,0.6918905983058391,platt_sigmoid,urgent_legit,amr_nb_7_4,own,1,kannada,AASIST-L,C:\Users\SIC\Documents\voice clone scam defense\data\codec\day4\human\urgent_legit\spk06_urgent_legit_06\spk06_urgent_legit_06__amr_nb_7_4__decoded_16k.wav,U006,human,spk06,dev,7.503391265869141
-4.230512619018555,0.7279875414520836,platt_sigmoid,urgent_legit,amr_nb_7_4,own,1,kannada,AASIST-L,C:\Users\SIC\Documents\voice clone scam defense\data\codec\day4\human\urgent_legit\spk06_urgent_legit_07\spk06_urgent_legit_07__amr_nb_7_4__decoded_16k.wav,U007,human,spk06,dev,4.230512619018555
-1.8462915420532227,0.7525496753096221,platt_sigmoid,benign,amr_nb_7_4,own,0,hindi,AASIST-L,C:\Users\SIC\Documents\voice clone scam defense\data\codec\day4\clone\benign\spk05__clone__B005\spk05__clone__B005__amr_nb_7_4__decoded_16k.wav,B005,clone,spk05,dev,1.8462915420532227
-3.1083362102508545,0.7397360940220604,platt_sigmoid,scam,amr_nb_7_4,own,0,hindi,AASIST-L,C:\Users\SIC\Documents\voice clone scam defense\data\codec\day4\clone\scam\spk05__clone__S005\spk05__clone__S005__amr_nb_7_4__decoded_16k.wav,S005,clone,spk05,dev,3.1083362102508545
-9.09085750579834,0.6734579586472766,platt_sigmoid,benign,amr_nb_7_4,own,0,kannada,AASIST-L,C:\Users\SIC\Documents\voice clone scam defense\data\codec\day4\clone\benign\spk06__clone__B005\spk06__clone__B005__amr_nb_7_4__decoded_16k.wav,B005,clone,spk06,dev,9.09085750579834
-8.63729190826416,0.6787826746190939,platt_sigmoid,scam,amr_nb_7_4,own,0,kannada,AASIST-L,C:\Users\SIC\Documents\voice clone scam defense\data\codec\day4\clone\scam\spk06__clone__S005\spk06__clone__S005__amr_nb_7_4__decoded_16k.wav,S005,clone,spk06,dev,8.63729190826416
-2.829547882080078,0.7070998538056296,platt_sigmoid,benign,amr_wb_12_65,own,1,hindi,AASIST-L,C:\Users\SIC\Documents\voice clone scam defense\data\codec\day4\human\benign\spk05_benign_05\spk05_benign_05__amr_wb_12_65__decoded_16k.wav,B005,human,spk05,dev,2.829547882080078
-2.504779100418091,0.7054338882706065,platt_sigmoid,benign,amr_wb_12_65,own,1,hindi,AASIST-L,C:\Users\SIC\Documents\voice clone scam defense\data\codec\day4\human\benign\spk05_benign_06\spk05_benign_06__amr_wb_12_65__decoded_16k.wav,B006,human,spk05,dev,2.504779100418091
-5.6213860511779785,0.7211903519344126,platt_sigmoid,scam,amr_wb_12_65,own,1,hindi,AASIST-L,C:\Users\SIC\Documents\voice clone scam defense\data\codec\day4\human\scam\spk05_scam_05\spk05_scam_05__amr_wb_12_65__decoded_16k.wav,S005,human,spk05,dev,5.6213860511779785
-0.9432592391967773,0.6973473675730304,platt_sigmoid,urgent_legit,amr_wb_12_65,own,1,hindi,AASIST-L,C:\Users\SIC\Documents\voice clone scam defense\data\codec\day4\human\urgent_legit\spk05_urgent_legit_06\spk05_urgent_legit_06__amr_wb_12_65__decoded_16k.wav,U006,human,spk05,dev,0.9432592391967773
-0.6116698980331421,0.6956140988734567,platt_sigmoid,urgent_legit,amr_wb_12_65,own,1,hindi,AASIST-L,C:\Users\SIC\Documents\voice clone scam defense\data\codec\day4\human\urgent_legit\spk05_urgent_legit_07\spk05_urgent_legit_07__amr_wb_12_65__decoded_16k.wav,U007,human,spk05,dev,0.6116698980331421
-4.472840309143066,0.7154441055483908,platt_sigmoid,benign,amr_wb_12_65,own,1,kannada,AASIST-L,C:\Users\SIC\Documents\voice clone scam defense\data\codec\day4\human\benign\spk06_benign_05\spk06_benign_05__amr_wb_12_65__decoded_16k.wav,B005,human,spk06,dev,4.472840309143066
-6.495441913604736,0.7255152881936988,platt_sigmoid,benign,amr_wb_12_65,own,1,kannada,AASIST-L,C:\Users\SIC\Documents\voice clone scam defense\data\codec\day4\human\benign\spk06_benign_06\spk06_benign_06__amr_wb_12_65__decoded_16k.wav,B006,human,spk06,dev,6.495441913604736
-7.442332744598389,0.7301532657835662,platt_sigmoid,scam,amr_wb_12_65,own,1,kannada,AASIST-L,C:\Users\SIC\Documents\voice clone scam defense\data\codec\day4\human\scam\spk06_scam_05\spk06_scam_05__amr_wb_12_65__decoded_16k.wav,S005,human,spk06,dev,7.442332744598389
-7.809873104095459,0.7319401509790906,platt_sigmoid,urgent_legit,amr_wb_12_65,own,1,kannada,AASIST-L,C:\Users\SIC\Documents\voice clone scam defense\data\codec\day4\human\urgent_legit\spk06_urgent_legit_06\spk06_urgent_legit_06__amr_wb_12_65__decoded_16k.wav,U006,human,spk06,dev,7.809873104095459
-4.7288970947265625,0.7167313379893373,platt_sigmoid,urgent_legit,amr_wb_12_65,own,1,kannada,AASIST-L,C:\Users\SIC\Documents\voice clone scam defense\data\codec\day4\human\urgent_legit\spk06_urgent_legit_07\spk06_urgent_legit_07__amr_wb_12_65__decoded_16k.wav,U007,human,spk06,dev,4.7288970947265625
-0.9414552450180054,0.6973379529393272,platt_sigmoid,benign,amr_wb_12_65,own,0,hindi,AASIST-L,C:\Users\SIC\Documents\voice clone scam defense\data\codec\day4\clone\benign\spk05__clone__B005\spk05__clone__B005__amr_wb_12_65__decoded_16k.wav,B005,clone,spk05,dev,0.9414552450180054
-1.553763508796692,0.7005238982562411,platt_sigmoid,scam,amr_wb_12_65,own,0,hindi,AASIST-L,C:\Users\SIC\Documents\voice clone scam defense\data\codec\day4\clone\scam\spk05__clone__S005\spk05__clone__S005__amr_wb_12_65__decoded_16k.wav,S005,clone,spk05,dev,1.553763508796692
-8.089890480041504,0.7332964784089941,platt_sigmoid,benign,amr_wb_12_65,own,0,kannada,AASIST-L,C:\Users\SIC\Documents\voice clone scam defense\data\codec\day4\clone\benign\spk06__clone__B005\spk06__clone__B005__amr_wb_12_65__decoded_16k.wav,B005,clone,spk06,dev,8.089890480041504
-6.082404613494873,0.7234767328789978,platt_sigmoid,scam,amr_wb_12_65,own,0,kannada,AASIST-L,C:\Users\SIC\Documents\voice clone scam defense\data\codec\day4\clone\scam\spk06__clone__S005\spk06__clone__S005__amr_wb_12_65__decoded_16k.wav,S005,clone,spk06,dev,6.082404613494873
-1.833369255065918,0.6784565014820948,platt_sigmoid,benign,clean,own,1,hindi,AASIST-L,C:\Users\SIC\Documents\voice clone scam defense\data\raw\participants\spk05\utterances\benign\spk05_benign_05.wav,B005,human,spk05,dev,1.833369255065918
-1.3073421716690063,0.6578091132976652,platt_sigmoid,benign,clean,own,1,hindi,AASIST-L,C:\Users\SIC\Documents\voice clone scam defense\data\raw\participants\spk05\utterances\benign\spk05_benign_06.wav,B006,human,spk05,dev,1.3073421716690063
-4.903515338897705,0.7841989466914069,platt_sigmoid,scam,clean,own,1,hindi,AASIST-L,C:\Users\SIC\Documents\voice clone scam defense\data\raw\participants\spk05\utterances\scam\spk05_scam_05.wav,S005,human,spk05,dev,4.903515338897705
-1.4653284549713135,0.6640778716197718,platt_sigmoid,urgent_legit,clean,own,1,hindi,AASIST-L,C:\Users\SIC\Documents\voice clone scam defense\data\raw\participants\spk05\utterances\urgent_legit\spk05_urgent_legit_06.wav,U006,human,spk05,dev,1.4653284549713135
-0.05801583081483841,0.6064306115487316,platt_sigmoid,urgent_legit,clean,own,1,hindi,AASIST-L,C:\Users\SIC\Documents\voice clone scam defense\data\raw\participants\spk05\utterances\urgent_legit\spk05_urgent_legit_07.wav,U007,human,spk05,dev,0.05801583081483841
-3.731837511062622,0.7470313503477801,platt_sigmoid,benign,clean,own,1,kannada,AASIST-L,C:\Users\SIC\Documents\voice clone scam defense\data\raw\participants\spk06\utterances\benign\spk06_benign_05.wav,B005,human,spk06,dev,3.731837511062622
-7.231154441833496,0.8458546308259384,platt_sigmoid,benign,clean,own,1,kannada,AASIST-L,C:\Users\SIC\Documents\voice clone scam defense\data\raw\participants\spk06\utterances\benign\spk06_benign_06.wav,B006,human,spk06,dev,7.231154441833496
-6.358158111572266,0.824606385731928,platt_sigmoid,scam,clean,own,1,kannada,AASIST-L,C:\Users\SIC\Documents\voice clone scam defense\data\raw\participants\spk06\utterances\scam\spk06_scam_05.wav,S005,human,spk06,dev,6.358158111572266
-5.524691581726074,0.802230690641228,platt_sigmoid,urgent_legit,clean,own,1,kannada,AASIST-L,C:\Users\SIC\Documents\voice clone scam defense\data\raw\participants\spk06\utterances\urgent_legit\spk06_urgent_legit_06.wav,U006,human,spk06,dev,5.524691581726074
-3.196357488632202,0.7286979066936251,platt_sigmoid,urgent_legit,clean,own,1,kannada,AASIST-L,C:\Users\SIC\Documents\voice clone scam defense\data\raw\participants\spk06\utterances\urgent_legit\spk06_urgent_legit_07.wav,U007,human,spk06,dev,3.196357488632202
1.6600803136825562,0.5319854189044242,platt_sigmoid,benign,clean,own,0,hindi,AASIST-L,C:\Users\SIC\Documents\voice clone scam defense\data\clones\raw_24k\spk05\dev\benign\spk05__clone__B005.wav,B005,clone,spk05,dev,-1.6600803136825562
2.2888903617858887,0.5041938496067556,platt_sigmoid,scam,clean,own,0,hindi,AASIST-L,C:\Users\SIC\Documents\voice clone scam defense\data\clones\raw_24k\spk05\dev\scam\spk05__clone__S005.wav,S005,clone,spk05,dev,-2.2888903617858887
-5.4433746337890625,0.7999363349924985,platt_sigmoid,benign,clean,own,0,kannada,AASIST-L,C:\Users\SIC\Documents\voice clone scam defense\data\clones\raw_24k\spk06\dev\benign\spk06__clone__B005.wav,B005,clone,spk06,dev,5.4433746337890625
-6.364964485168457,0.8247806231176734,platt_sigmoid,scam,clean,own,0,kannada,AASIST-L,C:\Users\SIC\Documents\voice clone scam defense\data\clones\raw_24k\spk06\dev\scam\spk06__clone__S005.wav,S005,clone,spk06,dev,6.364964485168457
-5.074429512023926,0.7185450024428016,platt_sigmoid,benign,gsm,own,1,hindi,AASIST-L,C:\Users\SIC\Documents\voice clone scam defense\data\codec\day4\human\benign\spk05_benign_05\spk05_benign_05__gsm__decoded_16k.wav,B005,human,spk05,dev,5.074429512023926
-5.27457332611084,0.7172874868755673,platt_sigmoid,benign,gsm,own,1,hindi,AASIST-L,C:\Users\SIC\Documents\voice clone scam defense\data\codec\day4\human\benign\spk05_benign_06\spk05_benign_06__gsm__decoded_16k.wav,B006,human,spk05,dev,5.27457332611084
-5.871938705444336,0.7135140400901873,platt_sigmoid,scam,gsm,own,1,hindi,AASIST-L,C:\Users\SIC\Documents\voice clone scam defense\data\codec\day4\human\scam\spk05_scam_05\spk05_scam_05__gsm__decoded_16k.wav,S005,human,spk05,dev,5.871938705444336
-3.540677309036255,0.7280677828677338,platt_sigmoid,urgent_legit,gsm,own,1,hindi,AASIST-L,C:\Users\SIC\Documents\voice clone scam defense\data\codec\day4\human\urgent_legit\spk05_urgent_legit_06\spk05_urgent_legit_06__gsm__decoded_16k.wav,U006,human,spk05,dev,3.540677309036255
-3.4240739345550537,0.7287834397185194,platt_sigmoid,urgent_legit,gsm,own,1,hindi,AASIST-L,C:\Users\SIC\Documents\voice clone scam defense\data\codec\day4\human\urgent_legit\spk05_urgent_legit_07\spk05_urgent_legit_07__gsm__decoded_16k.wav,U007,human,spk05,dev,3.4240739345550537
-5.565584182739258,0.7154529887874422,platt_sigmoid,benign,gsm,own,1,kannada,AASIST-L,C:\Users\SIC\Documents\voice clone scam defense\data\codec\day4\human\benign\spk06_benign_05\spk06_benign_05__gsm__decoded_16k.wav,B005,human,spk06,dev,5.565584182739258
-8.720016479492188,0.6951164159473461,platt_sigmoid,benign,gsm,own,1,kannada,AASIST-L,C:\Users\SIC\Documents\voice clone scam defense\data\codec\day4\human\benign\spk06_benign_06\spk06_benign_06__gsm__decoded_16k.wav,B006,human,spk06,dev,8.720016479492188
-7.928344249725342,0.7002967621723675,platt_sigmoid,scam,gsm,own,1,kannada,AASIST-L,C:\Users\SIC\Documents\voice clone scam defense\data\codec\day4\human\scam\spk06_scam_05\spk06_scam_05__gsm__decoded_16k.wav,S005,human,spk06,dev,7.928344249725342
-7.418043613433838,0.7036091064120428,platt_sigmoid,urgent_legit,gsm,own,1,kannada,AASIST-L,C:\Users\SIC\Documents\voice clone scam defense\data\codec\day4\human\urgent_legit\spk06_urgent_legit_06\spk06_urgent_legit_06__gsm__decoded_16k.wav,U006,human,spk06,dev,7.418043613433838
-4.001834392547607,0.7252258534437889,platt_sigmoid,urgent_legit,gsm,own,1,kannada,AASIST-L,C:\Users\SIC\Documents\voice clone scam defense\data\codec\day4\human\urgent_legit\spk06_urgent_legit_07\spk06_urgent_legit_07__gsm__decoded_16k.wav,U007,human,spk06,dev,4.001834392547607
-3.582730293273926,0.7278093912774777,platt_sigmoid,benign,gsm,own,0,hindi,AASIST-L,C:\Users\SIC\Documents\voice clone scam defense\data\codec\day4\clone\benign\spk05__clone__B005\spk05__clone__B005__gsm__decoded_16k.wav,B005,clone,spk05,dev,3.582730293273926
-3.4374523162841797,0.7287013895629714,platt_sigmoid,scam,gsm,own,0,hindi,AASIST-L,C:\Users\SIC\Documents\voice clone scam defense\data\codec\day4\clone\scam\spk05__clone__S005\spk05__clone__S005__gsm__decoded_16k.wav,S005,clone,spk05,dev,3.4374523162841797
-7.902280807495117,0.7004664516277613,platt_sigmoid,benign,gsm,own,0,kannada,AASIST-L,C:\Users\SIC\Documents\voice clone scam defense\data\codec\day4\clone\benign\spk06__clone__B005\spk06__clone__B005__gsm__decoded_16k.wav,B005,clone,spk06,dev,7.902280807495117
-8.301294326782227,0.6978626141214005,platt_sigmoid,scam,gsm,own,0,kannada,AASIST-L,C:\Users\SIC\Documents\voice clone scam defense\data\codec\day4\clone\scam\spk06__clone__S005\spk06__clone__S005__gsm__decoded_16k.wav,S005,clone,spk06,dev,8.301294326782227
-3.857919454574585,0.7081913016045405,platt_sigmoid,benign,opus_10,own,1,hindi,AASIST-L,C:\Users\SIC\Documents\voice clone scam defense\data\codec\day4\human\benign\spk05_benign_05\spk05_benign_05__opus_10__decoded_16k.wav,B005,human,spk05,dev,3.857919454574585
-2.690661668777466,0.6997174615267612,platt_sigmoid,benign,opus_10,own,1,hindi,AASIST-L,C:\Users\SIC\Documents\voice clone scam defense\data\codec\day4\human\benign\spk05_benign_06\spk05_benign_06__opus_10__decoded_16k.wav,B006,human,spk05,dev,2.690661668777466
-6.217553615570068,0.7248836130640468,platt_sigmoid,scam,opus_10,own,1,hindi,AASIST-L,C:\Users\SIC\Documents\voice clone scam defense\data\codec\day4\human\scam\spk05_scam_05\spk05_scam_05__opus_10__decoded_16k.wav,S005,human,spk05,dev,6.217553615570068
-3.040259838104248,0.7022701292631829,platt_sigmoid,urgent_legit,opus_10,own,1,hindi,AASIST-L,C:\Users\SIC\Documents\voice clone scam defense\data\codec\day4\human\urgent_legit\spk05_urgent_legit_06\spk05_urgent_legit_06__opus_10__decoded_16k.wav,U006,human,spk05,dev,3.040259838104248
-1.852113127708435,0.6935440696165319,platt_sigmoid,urgent_legit,opus_10,own,1,hindi,AASIST-L,C:\Users\SIC\Documents\voice clone scam defense\data\codec\day4\human\urgent_legit\spk05_urgent_legit_07\spk05_urgent_legit_07__opus_10__decoded_16k.wav,U007,human,spk05,dev,1.852113127708435
-4.477781772613525,0.7126336433359014,platt_sigmoid,benign,opus_10,own,1,kannada,AASIST-L,C:\Users\SIC\Documents\voice clone scam defense\data\codec\day4\human\benign\spk06_benign_05\spk06_benign_05__opus_10__decoded_16k.wav,B005,human,spk06,dev,4.477781772613525
-8.072006225585938,0.7375782519153854,platt_sigmoid,benign,opus_10,own,1,kannada,AASIST-L,C:\Users\SIC\Documents\voice clone scam defense\data\codec\day4\human\benign\spk06_benign_06\spk06_benign_06__opus_10__decoded_16k.wav,B006,human,spk06,dev,8.072006225585938
-7.615256309509277,0.7344868547368548,platt_sigmoid,scam,opus_10,own,1,kannada,AASIST-L,C:\Users\SIC\Documents\voice clone scam defense\data\codec\day4\human\scam\spk06_scam_05\spk06_scam_05__opus_10__decoded_16k.wav,S005,human,spk06,dev,7.615256309509277
-6.592539310455322,0.7274810923423427,platt_sigmoid,urgent_legit,opus_10,own,1,kannada,AASIST-L,C:\Users\SIC\Documents\voice clone scam defense\data\codec\day4\human\urgent_legit\spk06_urgent_legit_06\spk06_urgent_legit_06__opus_10__decoded_16k.wav,U006,human,spk06,dev,6.592539310455322
-3.8752803802490234,0.7083162698764526,platt_sigmoid,urgent_legit,opus_10,own,1,kannada,AASIST-L,C:\Users\SIC\Documents\voice clone scam defense\data\codec\day4\human\urgent_legit\spk06_urgent_legit_07\spk06_urgent_legit_07__opus_10__decoded_16k.wav,U007,human,spk06,dev,3.8752803802490234
-1.2730679512023926,0.6892400783782208,platt_sigmoid,benign,opus_10,own,0,hindi,AASIST-L,C:\Users\SIC\Documents\voice clone scam defense\data\codec\day4\clone\benign\spk05__clone__B005\spk05__clone__B005__opus_10__decoded_16k.wav,B005,clone,spk05,dev,1.2730679512023926
-1.0618113279342651,0.6876615880814253,platt_sigmoid,scam,opus_10,own,0,hindi,AASIST-L,C:\Users\SIC\Documents\voice clone scam defense\data\codec\day4\clone\scam\spk05__clone__S005\spk05__clone__S005__opus_10__decoded_16k.wav,S005,clone,spk05,dev,1.0618113279342651
-6.715696334838867,0.7283308321748628,platt_sigmoid,benign,opus_10,own,0,kannada,AASIST-L,C:\Users\SIC\Documents\voice clone scam defense\data\codec\day4\clone\benign\spk06__clone__B005\spk06__clone__B005__opus_10__decoded_16k.wav,B005,clone,spk06,dev,6.715696334838867
-9.302509307861328,0.7457904051145291,platt_sigmoid,scam,opus_10,own,0,kannada,AASIST-L,C:\Users\SIC\Documents\voice clone scam defense\data\codec\day4\clone\scam\spk06__clone__S005\spk06__clone__S005__opus_10__decoded_16k.wav,S005,clone,spk06,dev,9.302509307861328
-4.069985866546631,0.7116016400364408,platt_sigmoid,benign,opus_12,own,1,hindi,AASIST-L,C:\Users\SIC\Documents\voice clone scam defense\data\codec\day4\human\benign\spk05_benign_05\spk05_benign_05__opus_12__decoded_16k.wav,B005,human,spk05,dev,4.069985866546631
-1.370370864868164,0.6342319997984476,platt_sigmoid,benign,opus_12,own,1,hindi,AASIST-L,C:\Users\SIC\Documents\voice clone scam defense\data\codec\day4\human\benign\spk05_benign_06\spk05_benign_06__opus_12__decoded_16k.wav,B006,human,spk05,dev,1.370370864868164
-5.576894283294678,0.7502758409302931,platt_sigmoid,scam,opus_12,own,1,hindi,AASIST-L,C:\Users\SIC\Documents\voice clone scam defense\data\codec\day4\human\scam\spk05_scam_05\spk05_scam_05__opus_12__decoded_16k.wav,S005,human,spk05,dev,5.576894283294678
-1.9534611701965332,0.6517199964705582,platt_sigmoid,urgent_legit,opus_12,own,1,hindi,AASIST-L,C:\Users\SIC\Documents\voice clone scam defense\data\codec\day4\human\urgent_legit\spk05_urgent_legit_06\spk05_urgent_legit_06__opus_12__decoded_16k.wav,U006,human,spk05,dev,1.9534611701965332
-1.5807512998580933,0.6405854523038033,platt_sigmoid,urgent_legit,opus_12,own,1,hindi,AASIST-L,C:\Users\SIC\Documents\voice clone scam defense\data\codec\day4\human\urgent_legit\spk05_urgent_legit_07\spk05_urgent_legit_07__opus_12__decoded_16k.wav,U007,human,spk05,dev,1.5807512998580933
-5.0918869972229,0.738214283998435,platt_sigmoid,benign,opus_12,own,1,kannada,AASIST-L,C:\Users\SIC\Documents\voice clone scam defense\data\codec\day4\human\benign\spk06_benign_05\spk06_benign_05__opus_12__decoded_16k.wav,B005,human,spk06,dev,5.0918869972229
-8.660223960876465,0.8180191281209828,platt_sigmoid,benign,opus_12,own,1,kannada,AASIST-L,C:\Users\SIC\Documents\voice clone scam defense\data\codec\day4\human\benign\spk06_benign_06\spk06_benign_06__opus_12__decoded_16k.wav,B006,human,spk06,dev,8.660223960876465
-6.537415027618408,0.7730467865606099,platt_sigmoid,scam,opus_12,own,1,kannada,AASIST-L,C:\Users\SIC\Documents\voice clone scam defense\data\codec\day4\human\scam\spk06_scam_05\spk06_scam_05__opus_12__decoded_16k.wav,S005,human,spk06,dev,6.537415027618408
-7.396841526031494,0.7921439494605138,platt_sigmoid,urgent_legit,opus_12,own,1,kannada,AASIST-L,C:\Users\SIC\Documents\voice clone scam defense\data\codec\day4\human\urgent_legit\spk06_urgent_legit_06\spk06_urgent_legit_06__opus_12__decoded_16k.wav,U006,human,spk06,dev,7.396841526031494
-4.509477138519287,0.7232427347953877,platt_sigmoid,urgent_legit,opus_12,own,1,kannada,AASIST-L,C:\Users\SIC\Documents\voice clone scam defense\data\codec\day4\human\urgent_legit\spk06_urgent_legit_07\spk06_urgent_legit_07__opus_12__decoded_16k.wav,U007,human,spk06,dev,4.509477138519287
-1.0336765050888062,0.6239667596175247,platt_sigmoid,benign,opus_12,own,0,hindi,AASIST-L,C:\Users\SIC\Documents\voice clone scam defense\data\codec\day4\clone\benign\spk05__clone__B005\spk05__clone__B005__opus_12__decoded_16k.wav,B005,clone,spk05,dev,1.0336765050888062
0.5332706570625305,0.574849689981051,platt_sigmoid,scam,opus_12,own,0,hindi,AASIST-L,C:\Users\SIC\Documents\voice clone scam defense\data\codec\day4\clone\scam\spk05__clone__S005\spk05__clone__S005__opus_12__decoded_16k.wav,S005,clone,spk05,dev,-0.5332706570625305
-6.801743507385254,0.7790494519066966,platt_sigmoid,benign,opus_12,own,0,kannada,AASIST-L,C:\Users\SIC\Documents\voice clone scam defense\data\codec\day4\clone\benign\spk06__clone__B005\spk06__clone__B005__opus_12__decoded_16k.wav,B005,clone,spk06,dev,6.801743507385254
-7.256270885467529,0.789103320702223,platt_sigmoid,scam,opus_12,own,0,kannada,AASIST-L,C:\Users\SIC\Documents\voice clone scam defense\data\codec\day4\clone\scam\spk06__clone__S005\spk06__clone__S005__opus_12__decoded_16k.wav,S005,clone,spk06,dev,7.256270885467529
-4.532975196838379,0.7088780517757123,platt_sigmoid,benign,opus_8,own,1,hindi,AASIST-L,C:\Users\SIC\Documents\voice clone scam defense\data\codec\day4\human\benign\spk05_benign_05\spk05_benign_05__opus_8__decoded_16k.wav,B005,human,spk05,dev,4.532975196838379
-3.665705919265747,0.704871302065352,platt_sigmoid,benign,opus_8,own,1,hindi,AASIST-L,C:\Users\SIC\Documents\voice clone scam defense\data\codec\day4\human\benign\spk05_benign_06\spk05_benign_06__opus_8__decoded_16k.wav,B006,human,spk05,dev,3.665705919265747
-5.902095794677734,0.715137582802944,platt_sigmoid,scam,opus_8,own,1,hindi,AASIST-L,C:\Users\SIC\Documents\voice clone scam defense\data\codec\day4\human\scam\spk05_scam_05\spk05_scam_05__opus_8__decoded_16k.wav,S005,human,spk05,dev,5.902095794677734
-3.4832096099853516,0.7040241047566507,platt_sigmoid,urgent_legit,opus_8,own,1,hindi,AASIST-L,C:\Users\SIC\Documents\voice clone scam defense\data\codec\day4\human\urgent_legit\spk05_urgent_legit_06\spk05_urgent_legit_06__opus_8__decoded_16k.wav,U006,human,spk05,dev,3.4832096099853516
-3.4343621730804443,0.7037971027287422,platt_sigmoid,urgent_legit,opus_8,own,1,hindi,AASIST-L,C:\Users\SIC\Documents\voice clone scam defense\data\codec\day4\human\urgent_legit\spk05_urgent_legit_07\spk05_urgent_legit_07__opus_8__decoded_16k.wav,U007,human,spk05,dev,3.4343621730804443
-6.207397937774658,0.7165223124188302,platt_sigmoid,benign,opus_8,own,1,kannada,AASIST-L,C:\Users\SIC\Documents\voice clone scam defense\data\codec\day4\human\benign\spk06_benign_05\spk06_benign_05__opus_8__decoded_16k.wav,B005,human,spk06,dev,6.207397937774658
-8.975822448730469,0.7288910894458739,platt_sigmoid,benign,opus_8,own,1,kannada,AASIST-L,C:\Users\SIC\Documents\voice clone scam defense\data\codec\day4\human\benign\spk06_benign_06\spk06_benign_06__opus_8__decoded_16k.wav,B006,human,spk06,dev,8.975822448730469
-9.019428253173828,0.7290831780815915,platt_sigmoid,scam,opus_8,own,1,kannada,AASIST-L,C:\Users\SIC\Documents\voice clone scam defense\data\codec\day4\human\scam\spk06_scam_05\spk06_scam_05__opus_8__decoded_16k.wav,S005,human,spk06,dev,9.019428253173828
-8.741491317749023,0.7278573698709079,platt_sigmoid,urgent_legit,opus_8,own,1,kannada,AASIST-L,C:\Users\SIC\Documents\voice clone scam defense\data\codec\day4\human\urgent_legit\spk06_urgent_legit_06\spk06_urgent_legit_06__opus_8__decoded_16k.wav,U006,human,spk06,dev,8.741491317749023
-4.078825950622559,0.7067838981671476,platt_sigmoid,urgent_legit,opus_8,own,1,kannada,AASIST-L,C:\Users\SIC\Documents\voice clone scam defense\data\codec\day4\human\urgent_legit\spk06_urgent_legit_07\spk06_urgent_legit_07__opus_8__decoded_16k.wav,U007,human,spk06,dev,4.078825950622559
-2.281359910964966,0.6984097936086009,platt_sigmoid,benign,opus_8,own,0,hindi,AASIST-L,C:\Users\SIC\Documents\voice clone scam defense\data\codec\day4\clone\benign\spk05__clone__B005\spk05__clone__B005__opus_8__decoded_16k.wav,B005,clone,spk05,dev,2.281359910964966
-1.4564210176467896,0.694521379501635,platt_sigmoid,scam,opus_8,own,0,hindi,AASIST-L,C:\Users\SIC\Documents\voice clone scam defense\data\codec\day4\clone\scam\spk05__clone__S005\spk05__clone__S005__opus_8__decoded_16k.wav,S005,clone,spk05,dev,1.4564210176467896
-10.335189819335938,0.7348388747115472,platt_sigmoid,benign,opus_8,own,0,kannada,AASIST-L,C:\Users\SIC\Documents\voice clone scam defense\data\codec\day4\clone\benign\spk06__clone__B005\spk06__clone__B005__opus_8__decoded_16k.wav,B005,clone,spk06,dev,10.335189819335938
-8.425468444824219,0.7264593767332969,platt_sigmoid,scam,opus_8,own,0,kannada,AASIST-L,C:\Users\SIC\Documents\voice clone scam defense\data\codec\day4\clone\scam\spk06__clone__S005\spk06__clone__S005__opus_8__decoded_16k.wav,S005,clone,spk06,dev,8.425468444824219
-1.3105275630950928,0.9903182671861783,platt_sigmoid,benign,amr_nb_12_2,own,1,hindi,XLSR-SLS,C:\Users\SIC\Documents\voice clone scam defense\data\codec\day4\human\benign\spk05_benign_05\spk05_benign_05__amr_nb_12_2__decoded_16k.wav,B005,human,spk05,dev,1.3105275630950928
-0.4115307927131653,0.9937483983180707,platt_sigmoid,benign,amr_nb_12_2,own,1,hindi,XLSR-SLS,C:\Users\SIC\Documents\voice clone scam defense\data\codec\day4\human\benign\spk05_benign_06\spk05_benign_06__amr_nb_12_2__decoded_16k.wav,B006,human,spk05,dev,0.4115307927131653
-0.020765868946909904,0.9948329575125386,platt_sigmoid,scam,amr_nb_12_2,own,1,hindi,XLSR-SLS,C:\Users\SIC\Documents\voice clone scam defense\data\codec\day4\human\scam\spk05_scam_05\spk05_scam_05__amr_nb_12_2__decoded_16k.wav,S005,human,spk05,dev,0.020765868946909904
-0.02182641625404358,0.9948302834137799,platt_sigmoid,urgent_legit,amr_nb_12_2,own,1,hindi,XLSR-SLS,C:\Users\SIC\Documents\voice clone scam defense\data\codec\day4\human\urgent_legit\spk05_urgent_legit_06\spk05_urgent_legit_06__amr_nb_12_2__decoded_16k.wav,U006,human,spk05,dev,0.02182641625404358
-0.1701621413230896,0.9944423768210583,platt_sigmoid,urgent_legit,amr_nb_12_2,own,1,hindi,XLSR-SLS,C:\Users\SIC\Documents\voice clone scam defense\data\codec\day4\human\urgent_legit\spk05_urgent_legit_07\spk05_urgent_legit_07__amr_nb_12_2__decoded_16k.wav,U007,human,spk05,dev,0.1701621413230896
-6.6283278465271,0.8828787815703774,platt_sigmoid,benign,amr_nb_12_2,own,1,kannada,XLSR-SLS,C:\Users\SIC\Documents\voice clone scam defense\data\codec\day4\human\benign\spk06_benign_05\spk06_benign_05__amr_nb_12_2__decoded_16k.wav,B005,human,spk06,dev,6.6283278465271
-1.8936378955841064,0.9871544974167806,platt_sigmoid,benign,amr_nb_12_2,own,1,kannada,XLSR-SLS,C:\Users\SIC\Documents\voice clone scam defense\data\codec\day4\human\benign\spk06_benign_06\spk06_benign_06__amr_nb_12_2__decoded_16k.wav,B006,human,spk06,dev,1.8936378955841064
-12.249642372131348,0.32373285319900325,platt_sigmoid,scam,amr_nb_12_2,own,1,kannada,XLSR-SLS,C:\Users\SIC\Documents\voice clone scam defense\data\codec\day4\human\scam\spk06_scam_05\spk06_scam_05__amr_nb_12_2__decoded_16k.wav,S005,human,spk06,dev,12.249642372131348
-1.1288151741027832,0.9911363703926105,platt_sigmoid,urgent_legit,amr_nb_12_2,own,1,kannada,XLSR-SLS,C:\Users\SIC\Documents\voice clone scam defense\data\codec\day4\human\urgent_legit\spk06_urgent_legit_06\spk06_urgent_legit_06__amr_nb_12_2__decoded_16k.wav,U006,human,spk06,dev,1.1288151741027832
-11.39503288269043,0.42126664966045435,platt_sigmoid,urgent_legit,amr_nb_12_2,own,1,kannada,XLSR-SLS,C:\Users\SIC\Documents\voice clone scam defense\data\codec\day4\human\urgent_legit\spk06_urgent_legit_07\spk06_urgent_legit_07__amr_nb_12_2__decoded_16k.wav,U007,human,spk06,dev,11.39503288269043
-10.335919380187988,0.550280728867673,platt_sigmoid,benign,amr_nb_12_2,own,0,hindi,XLSR-SLS,C:\Users\SIC\Documents\voice clone scam defense\data\codec\day4\clone\benign\spk05__clone__B005\spk05__clone__B005__amr_nb_12_2__decoded_16k.wav,B005,clone,spk05,dev,10.335919380187988
-11.202428817749023,0.4444491910124788,platt_sigmoid,scam,amr_nb_12_2,own,0,hindi,XLSR-SLS,C:\Users\SIC\Documents\voice clone scam defense\data\codec\day4\clone\scam\spk05__clone__S005\spk05__clone__S005__amr_nb_12_2__decoded_16k.wav,S005,clone,spk05,dev,11.202428817749023
-12.121587753295898,0.3376302508734491,platt_sigmoid,benign,amr_nb_12_2,own,0,kannada,XLSR-SLS,C:\Users\SIC\Documents\voice clone scam defense\data\codec\day4\clone\benign\spk06__clone__B005\spk06__clone__B005__amr_nb_12_2__decoded_16k.wav,B005,clone,spk06,dev,12.121587753295898
-15.379158020019531,0.09352292441842498,platt_sigmoid,scam,amr_nb_12_2,own,0,kannada,XLSR-SLS,C:\Users\SIC\Documents\voice clone scam defense\data\codec\day4\clone\scam\spk06__clone__S005\spk06__clone__S005__amr_nb_12_2__decoded_16k.wav,S005,clone,spk06,dev,15.379158020019531
-14.356147766113281,0.724935351503975,platt_sigmoid,benign,amr_nb_4_75,own,1,hindi,XLSR-SLS,C:\Users\SIC\Documents\voice clone scam defense\data\codec\day4\human\benign\spk05_benign_05\spk05_benign_05__amr_nb_4_75__decoded_16k.wav,B005,human,spk05,dev,14.356147766113281
-13.998431205749512,0.7575736512402714,platt_sigmoid,benign,amr_nb_4_75,own,1,hindi,XLSR-SLS,C:\Users\SIC\Documents\voice clone scam defense\data\codec\day4\human\benign\spk05_benign_06\spk05_benign_06__amr_nb_4_75__decoded_16k.wav,B006,human,spk05,dev,13.998431205749512
-15.297454833984375,0.6273397227440578,platt_sigmoid,scam,amr_nb_4_75,own,1,hindi,XLSR-SLS,C:\Users\SIC\Documents\voice clone scam defense\data\codec\day4\human\scam\spk05_scam_05\spk05_scam_05__amr_nb_4_75__decoded_16k.wav,S005,human,spk05,dev,15.297454833984375
-14.825267791748047,0.6782364305949725,platt_sigmoid,urgent_legit,amr_nb_4_75,own,1,hindi,XLSR-SLS,C:\Users\SIC\Documents\voice clone scam defense\data\codec\day4\human\urgent_legit\spk05_urgent_legit_06\spk05_urgent_legit_06__amr_nb_4_75__decoded_16k.wav,U006,human,spk05,dev,14.825267791748047
-14.671062469482422,0.6940478742167733,platt_sigmoid,urgent_legit,amr_nb_4_75,own,1,hindi,XLSR-SLS,C:\Users\SIC\Documents\voice clone scam defense\data\codec\day4\human\urgent_legit\spk05_urgent_legit_07\spk05_urgent_legit_07__amr_nb_4_75__decoded_16k.wav,U007,human,spk05,dev,14.671062469482422
-14.632621765136719,0.6979211314459335,platt_sigmoid,benign,amr_nb_4_75,own,1,kannada,XLSR-SLS,C:\Users\SIC\Documents\voice clone scam defense\data\codec\day4\human\benign\spk06_benign_05\spk06_benign_05__amr_nb_4_75__decoded_16k.wav,B005,human,spk06,dev,14.632621765136719
-14.744771957397461,0.686544030997367,platt_sigmoid,benign,amr_nb_4_75,own,1,kannada,XLSR-SLS,C:\Users\SIC\Documents\voice clone scam defense\data\codec\day4\human\benign\spk06_benign_06\spk06_benign_06__amr_nb_4_75__decoded_16k.wav,B006,human,spk06,dev,14.744771957397461
-14.908188819885254,0.6695590750622248,platt_sigmoid,scam,amr_nb_4_75,own,1,kannada,XLSR-SLS,C:\Users\SIC\Documents\voice clone scam defense\data\codec\day4\human\scam\spk06_scam_05\spk06_scam_05__amr_nb_4_75__decoded_16k.wav,S005,human,spk06,dev,14.908188819885254
-12.376649856567383,0.8712126547556553,platt_sigmoid,urgent_legit,amr_nb_4_75,own,1,kannada,XLSR-SLS,C:\Users\SIC\Documents\voice clone scam defense\data\codec\day4\human\urgent_legit\spk06_urgent_legit_06\spk06_urgent_legit_06__amr_nb_4_75__decoded_16k.wav,U006,human,spk06,dev,12.376649856567383
-12.585103034973145,0.8596585688905318,platt_sigmoid,urgent_legit,amr_nb_4_75,own,1,kannada,XLSR-SLS,C:\Users\SIC\Documents\voice clone scam defense\data\codec\day4\human\urgent_legit\spk06_urgent_legit_07\spk06_urgent_legit_07__amr_nb_4_75__decoded_16k.wav,U007,human,spk06,dev,12.585103034973145
-14.340609550476074,0.7264083595967109,platt_sigmoid,benign,amr_nb_4_75,own,0,hindi,XLSR-SLS,C:\Users\SIC\Documents\voice clone scam defense\data\codec\day4\clone\benign\spk05__clone__B005\spk05__clone__B005__amr_nb_4_75__decoded_16k.wav,B005,clone,spk05,dev,14.340609550476074
-14.259889602661133,0.7339809132932857,platt_sigmoid,scam,amr_nb_4_75,own,0,hindi,XLSR-SLS,C:\Users\SIC\Documents\voice clone scam defense\data\codec\day4\clone\scam\spk05__clone__S005\spk05__clone__S005__amr_nb_4_75__decoded_16k.wav,S005,clone,spk05,dev,14.259889602661133
-14.500245094299316,0.7110432894547415,platt_sigmoid,benign,amr_nb_4_75,own,0,kannada,XLSR-SLS,C:\Users\SIC\Documents\voice clone scam defense\data\codec\day4\clone\benign\spk06__clone__B005\spk06__clone__B005__amr_nb_4_75__decoded_16k.wav,B005,clone,spk06,dev,14.500245094299316
-15.872417449951172,0.561443083978986,platt_sigmoid,scam,amr_nb_4_75,own,0,kannada,XLSR-SLS,C:\Users\SIC\Documents\voice clone scam defense\data\codec\day4\clone\scam\spk06__clone__S005\spk06__clone__S005__amr_nb_4_75__decoded_16k.wav,S005,clone,spk06,dev,15.872417449951172
-6.421550273895264,0.9786293407856093,platt_sigmoid,benign,amr_nb_7_4,own,1,hindi,XLSR-SLS,C:\Users\SIC\Documents\voice clone scam defense\data\codec\day4\human\benign\spk05_benign_05\spk05_benign_05__amr_nb_7_4__decoded_16k.wav,B005,human,spk05,dev,6.421550273895264
-1.6224093437194824,0.9991358647652344,platt_sigmoid,benign,amr_nb_7_4,own,1,hindi,XLSR-SLS,C:\Users\SIC\Documents\voice clone scam defense\data\codec\day4\human\benign\spk05_benign_06\spk05_benign_06__amr_nb_7_4__decoded_16k.wav,B006,human,spk05,dev,1.6224093437194824
-5.69574499130249,0.9867764455406172,platt_sigmoid,scam,amr_nb_7_4,own,1,hindi,XLSR-SLS,C:\Users\SIC\Documents\voice clone scam defense\data\codec\day4\human\scam\spk05_scam_05\spk05_scam_05__amr_nb_7_4__decoded_16k.wav,S005,human,spk05,dev,5.69574499130249
-3.5270767211914062,0.9968945551499275,platt_sigmoid,urgent_legit,amr_nb_7_4,own,1,hindi,XLSR-SLS,C:\Users\SIC\Documents\voice clone scam defense\data\codec\day4\human\urgent_legit\spk05_urgent_legit_06\spk05_urgent_legit_06__amr_nb_7_4__decoded_16k.wav,U006,human,spk05,dev,3.5270767211914062
-3.96520733833313,0.9958344013767911,platt_sigmoid,urgent_legit,amr_nb_7_4,own,1,hindi,XLSR-SLS,C:\Users\SIC\Documents\voice clone scam defense\data\codec\day4\human\urgent_legit\spk05_urgent_legit_07\spk05_urgent_legit_07__amr_nb_7_4__decoded_16k.wav,U007,human,spk05,dev,3.96520733833313
-8.12578010559082,0.9356892349333485,platt_sigmoid,benign,amr_nb_7_4,own,1,kannada,XLSR-SLS,C:\Users\SIC\Documents\voice clone scam defense\data\codec\day4\human\benign\spk06_benign_05\spk06_benign_05__amr_nb_7_4__decoded_16k.wav,B005,human,spk06,dev,8.12578010559082
-8.568537712097168,0.9152643382174541,platt_sigmoid,benign,amr_nb_7_4,own,1,kannada,XLSR-SLS,C:\Users\SIC\Documents\voice clone scam defense\data\codec\day4\human\benign\spk06_benign_06\spk06_benign_06__amr_nb_7_4__decoded_16k.wav,B006,human,spk06,dev,8.568537712097168
-13.277389526367188,0.31252063129287994,platt_sigmoid,scam,amr_nb_7_4,own,1,kannada,XLSR-SLS,C:\Users\SIC\Documents\voice clone scam defense\data\codec\day4\human\scam\spk06_scam_05\spk06_scam_05__amr_nb_7_4__decoded_16k.wav,S005,human,spk06,dev,13.277389526367188
-0.7121261358261108,0.9995314224589641,platt_sigmoid,urgent_legit,amr_nb_7_4,own,1,kannada,XLSR-SLS,C:\Users\SIC\Documents\voice clone scam defense\data\codec\day4\human\urgent_legit\spk06_urgent_legit_06\spk06_urgent_legit_06__amr_nb_7_4__decoded_16k.wav,U006,human,spk06,dev,0.7121261358261108
-12.238335609436035,0.4776890693816425,platt_sigmoid,urgent_legit,amr_nb_7_4,own,1,kannada,XLSR-SLS,C:\Users\SIC\Documents\voice clone scam defense\data\codec\day4\human\urgent_legit\spk06_urgent_legit_07\spk06_urgent_legit_07__amr_nb_7_4__decoded_16k.wav,U007,human,spk06,dev,12.238335609436035
-11.898771286010742,0.5347315369120077,platt_sigmoid,benign,amr_nb_7_4,own,0,hindi,XLSR-SLS,C:\Users\SIC\Documents\voice clone scam defense\data\codec\day4\clone\benign\spk05__clone__B005\spk05__clone__B005__amr_nb_7_4__decoded_16k.wav,B005,clone,spk05,dev,11.898771286010742
-12.805020332336426,0.3844839103757372,platt_sigmoid,scam,amr_nb_7_4,own,0,hindi,XLSR-SLS,C:\Users\SIC\Documents\voice clone scam defense\data\codec\day4\clone\scam\spk05__clone__S005\spk05__clone__S005__amr_nb_7_4__decoded_16k.wav,S005,clone,spk05,dev,12.805020332336426
-12.733911514282227,0.3958664668050366,platt_sigmoid,benign,amr_nb_7_4,own,0,kannada,XLSR-SLS,C:\Users\SIC\Documents\voice clone scam defense\data\codec\day4\clone\benign\spk06__clone__B005\spk06__clone__B005__amr_nb_7_4__decoded_16k.wav,B005,clone,spk06,dev,12.733911514282227
-15.600858688354492,0.08694241112907884,platt_sigmoid,scam,amr_nb_7_4,own,0,kannada,XLSR-SLS,C:\Users\SIC\Documents\voice clone scam defense\data\codec\day4\clone\scam\spk06__clone__S005\spk06__clone__S005__amr_nb_7_4__decoded_16k.wav,S005,clone,spk06,dev,15.600858688354492
-8.124268531799316,0.9131940561217258,platt_sigmoid,benign,amr_wb_12_65,own,1,hindi,XLSR-SLS,C:\Users\SIC\Documents\voice clone scam defense\data\codec\day4\human\benign\spk05_benign_05\spk05_benign_05__amr_wb_12_65__decoded_16k.wav,B005,human,spk05,dev,8.124268531799316
-0.28551405668258667,0.9980874478927083,platt_sigmoid,benign,amr_wb_12_65,own,1,hindi,XLSR-SLS,C:\Users\SIC\Documents\voice clone scam defense\data\codec\day4\human\benign\spk05_benign_06\spk05_benign_06__amr_wb_12_65__decoded_16k.wav,B006,human,spk05,dev,0.28551405668258667
-0.004026995971798897,0.9983372168828437,platt_sigmoid,scam,amr_wb_12_65,own,1,hindi,XLSR-SLS,C:\Users\SIC\Documents\voice clone scam defense\data\codec\day4\human\scam\spk05_scam_05\spk05_scam_05__amr_wb_12_65__decoded_16k.wav,S005,human,spk05,dev,0.004026995971798897
-6.224875450134277,0.9644039337638949,platt_sigmoid,urgent_legit,amr_wb_12_65,own,1,hindi,XLSR-SLS,C:\Users\SIC\Documents\voice clone scam defense\data\codec\day4\human\urgent_legit\spk05_urgent_legit_06\spk05_urgent_legit_06__amr_wb_12_65__decoded_16k.wav,U006,human,spk05,dev,6.224875450134277
-2.606680393218994,0.9939482304019528,platt_sigmoid,urgent_legit,amr_wb_12_65,own,1,hindi,XLSR-SLS,C:\Users\SIC\Documents\voice clone scam defense\data\codec\day4\human\urgent_legit\spk05_urgent_legit_07\spk05_urgent_legit_07__amr_wb_12_65__decoded_16k.wav,U007,human,spk05,dev,2.606680393218994
-10.002837181091309,0.8049686837359793,platt_sigmoid,benign,amr_wb_12_65,own,1,kannada,XLSR-SLS,C:\Users\SIC\Documents\voice clone scam defense\data\codec\day4\human\benign\spk06_benign_05\spk06_benign_05__amr_wb_12_65__decoded_16k.wav,B005,human,spk06,dev,10.002837181091309
-3.204833984375,0.991865079724778,platt_sigmoid,benign,amr_wb_12_65,own,1,kannada,XLSR-SLS,C:\Users\SIC\Documents\voice clone scam defense\data\codec\day4\human\benign\spk06_benign_06\spk06_benign_06__amr_wb_12_65__decoded_16k.wav,B006,human,spk06,dev,3.204833984375
-14.343317985534668,0.32209646121503827,platt_sigmoid,scam,amr_wb_12_65,own,1,kannada,XLSR-SLS,C:\Users\SIC\Documents\voice clone scam defense\data\codec\day4\human\scam\spk06_scam_05\spk06_scam_05__amr_wb_12_65__decoded_16k.wav,S005,human,spk06,dev,14.343317985534668
-5.361541271209717,0.9765524579889261,platt_sigmoid,urgent_legit,amr_wb_12_65,own,1,kannada,XLSR-SLS,C:\Users\SIC\Documents\voice clone scam defense\data\codec\day4\human\urgent_legit\spk06_urgent_legit_06\spk06_urgent_legit_06__amr_wb_12_65__decoded_16k.wav,U006,human,spk06,dev,5.361541271209717
-13.798583030700684,0.38394283328681506,platt_sigmoid,urgent_legit,amr_wb_12_65,own,1,kannada,XLSR-SLS,C:\Users\SIC\Documents\voice clone scam defense\data\codec\day4\human\urgent_legit\spk06_urgent_legit_07\spk06_urgent_legit_07__amr_wb_12_65__decoded_16k.wav,U007,human,spk06,dev,13.798583030700684
-12.136401176452637,0.5878323267496277,platt_sigmoid,benign,amr_wb_12_65,own,0,hindi,XLSR-SLS,C:\Users\SIC\Documents\voice clone scam defense\data\codec\day4\clone\benign\spk05__clone__B005\spk05__clone__B005__amr_wb_12_65__decoded_16k.wav,B005,clone,spk05,dev,12.136401176452637
-13.492558479309082,0.42057117523455434,platt_sigmoid,scam,amr_wb_12_65,own,0,hindi,XLSR-SLS,C:\Users\SIC\Documents\voice clone scam defense\data\codec\day4\clone\scam\spk05__clone__S005\spk05__clone__S005__amr_wb_12_65__decoded_16k.wav,S005,clone,spk05,dev,13.492558479309082
-13.137109756469727,0.46421225936645266,platt_sigmoid,benign,amr_wb_12_65,own,0,kannada,XLSR-SLS,C:\Users\SIC\Documents\voice clone scam defense\data\codec\day4\clone\benign\spk06__clone__B005\spk06__clone__B005__amr_wb_12_65__decoded_16k.wav,B005,clone,spk06,dev,13.137109756469727
-15.894603729248047,0.17993628848660892,platt_sigmoid,scam,amr_wb_12_65,own,0,kannada,XLSR-SLS,C:\Users\SIC\Documents\voice clone scam defense\data\codec\day4\clone\scam\spk06__clone__S005\spk06__clone__S005__amr_wb_12_65__decoded_16k.wav,S005,clone,spk06,dev,15.894603729248047
-2.2649508537142538e-05,0.9259805483283989,platt_sigmoid,benign,clean,own,1,hindi,XLSR-SLS,C:\Users\SIC\Documents\voice clone scam defense\data\raw\participants\spk05\utterances\benign\spk05_benign_05.wav,B005,human,spk05,dev,2.2649508537142538e-05
-7.116541382856667e-05,0.9259793977440988,platt_sigmoid,benign,clean,own,1,hindi,XLSR-SLS,C:\Users\SIC\Documents\voice clone scam defense\data\raw\participants\spk05\utterances\benign\spk05_benign_06.wav,B006,human,spk05,dev,7.116541382856667e-05
-0.00042465253500267863,0.9259710140845759,platt_sigmoid,scam,clean,own,1,hindi,XLSR-SLS,C:\Users\SIC\Documents\voice clone scam defense\data\raw\participants\spk05\utterances\scam\spk05_scam_05.wav,S005,human,spk05,dev,0.00042465253500267863
-0.007081528659909964,0.9258129696297749,platt_sigmoid,urgent_legit,clean,own,1,hindi,XLSR-SLS,C:\Users\SIC\Documents\voice clone scam defense\data\raw\participants\spk05\utterances\urgent_legit\spk05_urgent_legit_06.wav,U006,human,spk05,dev,0.007081528659909964
-1.0728830375228426e-06,0.9259810600259532,platt_sigmoid,urgent_legit,clean,own,1,hindi,XLSR-SLS,C:\Users\SIC\Documents\voice clone scam defense\data\raw\participants\spk05\utterances\urgent_legit\spk05_urgent_legit_07.wav,U007,human,spk05,dev,1.0728830375228426e-06
-0.3949463367462158,0.916052293889867,platt_sigmoid,benign,clean,own,1,kannada,XLSR-SLS,C:\Users\SIC\Documents\voice clone scam defense\data\raw\participants\spk06\utterances\benign\spk06_benign_05.wav,B005,human,spk06,dev,0.3949463367462158
-0.01105151604861021,0.9257185683511631,platt_sigmoid,benign,clean,own,1,kannada,XLSR-SLS,C:\Users\SIC\Documents\voice clone scam defense\data\raw\participants\spk06\utterances\benign\spk06_benign_06.wav,B006,human,spk06,dev,0.01105151604861021
-1.8160239458084106,0.86968519418683,platt_sigmoid,scam,clean,own,1,kannada,XLSR-SLS,C:\Users\SIC\Documents\voice clone scam defense\data\raw\participants\spk06\utterances\scam\spk06_scam_05.wav,S005,human,spk06,dev,1.8160239458084106
-3.162491798400879,0.8072582482667742,platt_sigmoid,urgent_legit,clean,own,1,kannada,XLSR-SLS,C:\Users\SIC\Documents\voice clone scam defense\data\raw\participants\spk06\utterances\urgent_legit\spk06_urgent_legit_06.wav,U006,human,spk06,dev,3.162491798400879
-9.88188362121582,0.2905618966737303,platt_sigmoid,urgent_legit,clean,own,1,kannada,XLSR-SLS,C:\Users\SIC\Documents\voice clone scam defense\data\raw\participants\spk06\utterances\urgent_legit\spk06_urgent_legit_07.wav,U007,human,spk06,dev,9.88188362121582
-1.716073989868164,0.8735547574641898,platt_sigmoid,benign,clean,own,0,hindi,XLSR-SLS,C:\Users\SIC\Documents\voice clone scam defense\data\clones\raw_24k\spk05\dev\benign\spk05__clone__B005.wav,B005,clone,spk05,dev,1.716073989868164
-11.111434936523438,0.2111364752393015,platt_sigmoid,scam,clean,own,0,hindi,XLSR-SLS,C:\Users\SIC\Documents\voice clone scam defense\data\clones\raw_24k\spk05\dev\scam\spk05__clone__S005.wav,S005,clone,spk05,dev,11.111434936523438
-8.317502975463867,0.413049817810543,platt_sigmoid,benign,clean,own,0,kannada,XLSR-SLS,C:\Users\SIC\Documents\voice clone scam defense\data\clones\raw_24k\spk06\dev\benign\spk06__clone__B005.wav,B005,clone,spk06,dev,8.317502975463867
-15.08772087097168,0.06333385503977278,platt_sigmoid,scam,clean,own,0,kannada,XLSR-SLS,C:\Users\SIC\Documents\voice clone scam defense\data\clones\raw_24k\spk06\dev\scam\spk06__clone__S005.wav,S005,clone,spk06,dev,15.08772087097168
-11.975568771362305,0.8495065894637284,platt_sigmoid,benign,gsm,own,1,hindi,XLSR-SLS,C:\Users\SIC\Documents\voice clone scam defense\data\codec\day4\human\benign\spk05_benign_05\spk05_benign_05__gsm__decoded_16k.wav,B005,human,spk05,dev,11.975568771362305
-12.757905960083008,0.6849122998180547,platt_sigmoid,benign,gsm,own,1,hindi,XLSR-SLS,C:\Users\SIC\Documents\voice clone scam defense\data\codec\day4\human\benign\spk05_benign_06\spk05_benign_06__gsm__decoded_16k.wav,B006,human,spk05,dev,12.757905960083008
-5.108811378479004,0.9999592014028845,platt_sigmoid,scam,gsm,own,1,hindi,XLSR-SLS,C:\Users\SIC\Documents\voice clone scam defense\data\codec\day4\human\scam\spk05_scam_05\spk05_scam_05__gsm__decoded_16k.wav,S005,human,spk05,dev,5.108811378479004
-10.68941593170166,0.9644146891376054,platt_sigmoid,urgent_legit,gsm,own,1,hindi,XLSR-SLS,C:\Users\SIC\Documents\voice clone scam defense\data\codec\day4\human\urgent_legit\spk05_urgent_legit_06\spk05_urgent_legit_06__gsm__decoded_16k.wav,U006,human,spk05,dev,10.68941593170166
-0.6499621868133545,0.9999998227555921,platt_sigmoid,urgent_legit,gsm,own,1,hindi,XLSR-SLS,C:\Users\SIC\Documents\voice clone scam defense\data\codec\day4\human\urgent_legit\spk05_urgent_legit_07\spk05_urgent_legit_07__gsm__decoded_16k.wav,U007,human,spk05,dev,0.6499621868133545
-10.776183128356934,0.9605983858493713,platt_sigmoid,benign,gsm,own,1,kannada,XLSR-SLS,C:\Users\SIC\Documents\voice clone scam defense\data\codec\day4\human\benign\spk06_benign_05\spk06_benign_05__gsm__decoded_16k.wav,B005,human,spk06,dev,10.776183128356934
-10.1990385055542,0.9801159289174234,platt_sigmoid,benign,gsm,own,1,kannada,XLSR-SLS,C:\Users\SIC\Documents\voice clone scam defense\data\codec\day4\human\benign\spk06_benign_06\spk06_benign_06__gsm__decoded_16k.wav,B006,human,spk06,dev,10.1990385055542
-12.759462356567383,0.6845024465323676,platt_sigmoid,scam,gsm,own,1,kannada,XLSR-SLS,C:\Users\SIC\Documents\voice clone scam defense\data\codec\day4\human\scam\spk06_scam_05\spk06_scam_05__gsm__decoded_16k.wav,S005,human,spk06,dev,12.759462356567383
-5.748392105102539,0.9999109888673565,platt_sigmoid,urgent_legit,gsm,own,1,kannada,XLSR-SLS,C:\Users\SIC\Documents\voice clone scam defense\data\codec\day4\human\urgent_legit\spk06_urgent_legit_06\spk06_urgent_legit_06__gsm__decoded_16k.wav,U006,human,spk06,dev,5.748392105102539
-13.383922576904297,0.5032057938066522,platt_sigmoid,urgent_legit,gsm,own,1,kannada,XLSR-SLS,C:\Users\SIC\Documents\voice clone scam defense\data\codec\day4\human\urgent_legit\spk06_urgent_legit_07\spk06_urgent_legit_07__gsm__decoded_16k.wav,U007,human,spk06,dev,13.383922576904297
-13.192594528198242,0.561242380641755,platt_sigmoid,benign,gsm,own,0,hindi,XLSR-SLS,C:\Users\SIC\Documents\voice clone scam defense\data\codec\day4\clone\benign\spk05__clone__B005\spk05__clone__B005__gsm__decoded_16k.wav,B005,clone,spk05,dev,13.192594528198242
-13.72587776184082,0.40028101951665324,platt_sigmoid,scam,gsm,own,0,hindi,XLSR-SLS,C:\Users\SIC\Documents\voice clone scam defense\data\codec\day4\clone\scam\spk05__clone__S005\spk05__clone__S005__gsm__decoded_16k.wav,S005,clone,spk05,dev,13.72587776184082
-13.905233383178711,0.3490829347061493,platt_sigmoid,benign,gsm,own,0,kannada,XLSR-SLS,C:\Users\SIC\Documents\voice clone scam defense\data\codec\day4\clone\benign\spk06__clone__B005\spk06__clone__B005__gsm__decoded_16k.wav,B005,clone,spk06,dev,13.905233383178711
-15.617117881774902,0.06231375807768224,platt_sigmoid,scam,gsm,own,0,kannada,XLSR-SLS,C:\Users\SIC\Documents\voice clone scam defense\data\codec\day4\clone\scam\spk06__clone__S005\spk06__clone__S005__gsm__decoded_16k.wav,S005,clone,spk06,dev,15.617117881774902
-14.169565200805664,0.7192972296833826,platt_sigmoid,benign,opus_10,own,1,hindi,XLSR-SLS,C:\Users\SIC\Documents\voice clone scam defense\data\codec\day4\human\benign\spk05_benign_05\spk05_benign_05__opus_10__decoded_16k.wav,B005,human,spk05,dev,14.169565200805664
-14.878686904907227,0.6510419151144496,platt_sigmoid,benign,opus_10,own,1,hindi,XLSR-SLS,C:\Users\SIC\Documents\voice clone scam defense\data\codec\day4\human\benign\spk05_benign_06\spk05_benign_06__opus_10__decoded_16k.wav,B006,human,spk05,dev,14.878686904907227
-13.184357643127441,0.7992947290212759,platt_sigmoid,scam,opus_10,own,1,hindi,XLSR-SLS,C:\Users\SIC\Documents\voice clone scam defense\data\codec\day4\human\scam\spk05_scam_05\spk05_scam_05__opus_10__decoded_16k.wav,S005,human,spk05,dev,13.184357643127441
-14.425224304199219,0.6956275266084305,platt_sigmoid,urgent_legit,opus_10,own,1,hindi,XLSR-SLS,C:\Users\SIC\Documents\voice clone scam defense\data\codec\day4\human\urgent_legit\spk05_urgent_legit_06\spk05_urgent_legit_06__opus_10__decoded_16k.wav,U006,human,spk05,dev,14.425224304199219
-13.335003852844238,0.7882606754734554,platt_sigmoid,urgent_legit,opus_10,own,1,hindi,XLSR-SLS,C:\Users\SIC\Documents\voice clone scam defense\data\codec\day4\human\urgent_legit\spk05_urgent_legit_07\spk05_urgent_legit_07__opus_10__decoded_16k.wav,U007,human,spk05,dev,13.335003852844238
-13.346348762512207,0.7874120156334915,platt_sigmoid,benign,opus_10,own,1,kannada,XLSR-SLS,C:\Users\SIC\Documents\voice clone scam defense\data\codec\day4\human\benign\spk06_benign_05\spk06_benign_05__opus_10__decoded_16k.wav,B005,human,spk06,dev,13.346348762512207
-14.124892234802246,0.7233161705331144,platt_sigmoid,benign,opus_10,own,1,kannada,XLSR-SLS,C:\Users\SIC\Documents\voice clone scam defense\data\codec\day4\human\benign\spk06_benign_06\spk06_benign_06__opus_10__decoded_16k.wav,B006,human,spk06,dev,14.124892234802246
-14.886444091796875,0.6502528008519833,platt_sigmoid,scam,opus_10,own,1,kannada,XLSR-SLS,C:\Users\SIC\Documents\voice clone scam defense\data\codec\day4\human\scam\spk06_scam_05\spk06_scam_05__opus_10__decoded_16k.wav,S005,human,spk06,dev,14.886444091796875
-12.661971092224121,0.8341982097539753,platt_sigmoid,urgent_legit,opus_10,own,1,kannada,XLSR-SLS,C:\Users\SIC\Documents\voice clone scam defense\data\codec\day4\human\urgent_legit\spk06_urgent_legit_06\spk06_urgent_legit_06__opus_10__decoded_16k.wav,U006,human,spk06,dev,12.661971092224121
-14.881719589233398,0.6507335079432071,platt_sigmoid,urgent_legit,opus_10,own,1,kannada,XLSR-SLS,C:\Users\SIC\Documents\voice clone scam defense\data\codec\day4\human\urgent_legit\spk06_urgent_legit_07\spk06_urgent_legit_07__opus_10__decoded_16k.wav,U007,human,spk06,dev,14.881719589233398
-12.984999656677246,0.8132263027079741,platt_sigmoid,benign,opus_10,own,0,hindi,XLSR-SLS,C:\Users\SIC\Documents\voice clone scam defense\data\codec\day4\clone\benign\spk05__clone__B005\spk05__clone__B005__opus_10__decoded_16k.wav,B005,clone,spk05,dev,12.984999656677246
-14.62030029296875,0.6768338021729257,platt_sigmoid,scam,opus_10,own,0,hindi,XLSR-SLS,C:\Users\SIC\Documents\voice clone scam defense\data\codec\day4\clone\scam\spk05__clone__S005\spk05__clone__S005__opus_10__decoded_16k.wav,S005,clone,spk05,dev,14.62030029296875
-14.263792991638184,0.710704519400256,platt_sigmoid,benign,opus_10,own,0,kannada,XLSR-SLS,C:\Users\SIC\Documents\voice clone scam defense\data\codec\day4\clone\benign\spk06__clone__B005\spk06__clone__B005__opus_10__decoded_16k.wav,B005,clone,spk06,dev,14.263792991638184
-16.273937225341797,0.4998000495878314,platt_sigmoid,scam,opus_10,own,0,kannada,XLSR-SLS,C:\Users\SIC\Documents\voice clone scam defense\data\codec\day4\clone\scam\spk06__clone__S005\spk06__clone__S005__opus_10__decoded_16k.wav,S005,clone,spk06,dev,16.273937225341797
-12.070623397827148,0.6920805470746653,platt_sigmoid,benign,opus_12,own,1,hindi,XLSR-SLS,C:\Users\SIC\Documents\voice clone scam defense\data\codec\day4\human\benign\spk05_benign_05\spk05_benign_05__opus_12__decoded_16k.wav,B005,human,spk05,dev,12.070623397827148
-6.36566686630249,0.9673745244362684,platt_sigmoid,benign,opus_12,own,1,hindi,XLSR-SLS,C:\Users\SIC\Documents\voice clone scam defense\data\codec\day4\human\benign\spk05_benign_06\spk05_benign_06__opus_12__decoded_16k.wav,B006,human,spk05,dev,6.36566686630249
-10.395072937011719,0.8274273562185777,platt_sigmoid,scam,opus_12,own,1,hindi,XLSR-SLS,C:\Users\SIC\Documents\voice clone scam defense\data\codec\day4\human\scam\spk05_scam_05\spk05_scam_05__opus_12__decoded_16k.wav,S005,human,spk05,dev,10.395072937011719
-11.797886848449707,0.7177216662032213,platt_sigmoid,urgent_legit,opus_12,own,1,hindi,XLSR-SLS,C:\Users\SIC\Documents\voice clone scam defense\data\codec\day4\human\urgent_legit\spk05_urgent_legit_06\spk05_urgent_legit_06__opus_12__decoded_16k.wav,U006,human,spk05,dev,11.797886848449707
-6.075685024261475,0.9712686512418353,platt_sigmoid,urgent_legit,opus_12,own,1,hindi,XLSR-SLS,C:\Users\SIC\Documents\voice clone scam defense\data\codec\day4\human\urgent_legit\spk05_urgent_legit_07\spk05_urgent_legit_07__opus_12__decoded_16k.wav,U007,human,spk05,dev,6.075685024261475
-10.349312782287598,0.8303619384544042,platt_sigmoid,benign,opus_12,own,1,kannada,XLSR-SLS,C:\Users\SIC\Documents\voice clone scam defense\data\codec\day4\human\benign\spk06_benign_05\spk06_benign_05__opus_12__decoded_16k.wav,B005,human,spk06,dev,10.349312782287598
-6.39154577255249,0.9670031782905704,platt_sigmoid,benign,opus_12,own,1,kannada,XLSR-SLS,C:\Users\SIC\Documents\voice clone scam defense\data\codec\day4\human\benign\spk06_benign_06\spk06_benign_06__opus_12__decoded_16k.wav,B006,human,spk06,dev,6.39154577255249
-13.68349838256836,0.5201304502690269,platt_sigmoid,scam,opus_12,own,1,kannada,XLSR-SLS,C:\Users\SIC\Documents\voice clone scam defense\data\codec\day4\human\scam\spk06_scam_05\spk06_scam_05__opus_12__decoded_16k.wav,S005,human,spk06,dev,13.68349838256836
-10.461681365966797,0.8230841870508305,platt_sigmoid,urgent_legit,opus_12,own,1,kannada,XLSR-SLS,C:\Users\SIC\Documents\voice clone scam defense\data\codec\day4\human\urgent_legit\spk06_urgent_legit_06\spk06_urgent_legit_06__opus_12__decoded_16k.wav,U006,human,spk06,dev,10.461681365966797
-13.930473327636719,0.49222310506515754,platt_sigmoid,urgent_legit,opus_12,own,1,kannada,XLSR-SLS,C:\Users\SIC\Documents\voice clone scam defense\data\codec\day4\human\urgent_legit\spk06_urgent_legit_07\spk06_urgent_legit_07__opus_12__decoded_16k.wav,U007,human,spk06,dev,13.930473327636719
-9.820695877075195,0.8614303275626154,platt_sigmoid,benign,opus_12,own,0,hindi,XLSR-SLS,C:\Users\SIC\Documents\voice clone scam defense\data\codec\day4\clone\benign\spk05__clone__B005\spk05__clone__B005__opus_12__decoded_16k.wav,B005,clone,spk05,dev,9.820695877075195
-14.110160827636719,0.4719395272698437,platt_sigmoid,scam,opus_12,own,0,hindi,XLSR-SLS,C:\Users\SIC\Documents\voice clone scam defense\data\codec\day4\clone\scam\spk05__clone__S005\spk05__clone__S005__opus_12__decoded_16k.wav,S005,clone,spk05,dev,14.110160827636719
-13.056769371032715,0.5899975822201713,platt_sigmoid,benign,opus_12,own,0,kannada,XLSR-SLS,C:\Users\SIC\Documents\voice clone scam defense\data\codec\day4\clone\benign\spk06__clone__B005\spk06__clone__B005__opus_12__decoded_16k.wav,B005,clone,spk06,dev,13.056769371032715
-16.08305549621582,0.2680674081936951,platt_sigmoid,scam,opus_12,own,0,kannada,XLSR-SLS,C:\Users\SIC\Documents\voice clone scam defense\data\codec\day4\clone\scam\spk06__clone__S005\spk06__clone__S005__opus_12__decoded_16k.wav,S005,clone,spk06,dev,16.08305549621582
-13.96535873413086,0.6615651523410032,platt_sigmoid,benign,opus_8,own,1,hindi,XLSR-SLS,C:\Users\SIC\Documents\voice clone scam defense\data\codec\day4\human\benign\spk05_benign_05\spk05_benign_05__opus_8__decoded_16k.wav,B005,human,spk05,dev,13.96535873413086
-12.084467887878418,0.8700005533143454,platt_sigmoid,benign,opus_8,own,1,hindi,XLSR-SLS,C:\Users\SIC\Documents\voice clone scam defense\data\codec\day4\human\benign\spk05_benign_06\spk05_benign_06__opus_8__decoded_16k.wav,B006,human,spk05,dev,12.084467887878418
-11.109325408935547,0.9268316977713641,platt_sigmoid,scam,opus_8,own,1,hindi,XLSR-SLS,C:\Users\SIC\Documents\voice clone scam defense\data\codec\day4\human\scam\spk05_scam_05\spk05_scam_05__opus_8__decoded_16k.wav,S005,human,spk05,dev,11.109325408935547
-13.438409805297852,0.7340102327138149,platt_sigmoid,urgent_legit,opus_8,own,1,hindi,XLSR-SLS,C:\Users\SIC\Documents\voice clone scam defense\data\codec\day4\human\urgent_legit\spk05_urgent_legit_06\spk05_urgent_legit_06__opus_8__decoded_16k.wav,U006,human,spk05,dev,13.438409805297852
-10.732929229736328,0.9418757113235321,platt_sigmoid,urgent_legit,opus_8,own,1,hindi,XLSR-SLS,C:\Users\SIC\Documents\voice clone scam defense\data\codec\day4\human\urgent_legit\spk05_urgent_legit_07\spk05_urgent_legit_07__opus_8__decoded_16k.wav,U007,human,spk05,dev,10.732929229736328
-13.991472244262695,0.657729079454846,platt_sigmoid,benign,opus_8,own,1,kannada,XLSR-SLS,C:\Users\SIC\Documents\voice clone scam defense\data\codec\day4\human\benign\spk06_benign_05\spk06_benign_05__opus_8__decoded_16k.wav,B005,human,spk06,dev,13.991472244262695
-14.144196510314941,0.6348919340790496,platt_sigmoid,benign,opus_8,own,1,kannada,XLSR-SLS,C:\Users\SIC\Documents\voice clone scam defense\data\codec\day4\human\benign\spk06_benign_06\spk06_benign_06__opus_8__decoded_16k.wav,B006,human,spk06,dev,14.144196510314941
-14.213162422180176,0.6243694770352174,platt_sigmoid,scam,opus_8,own,1,kannada,XLSR-SLS,C:\Users\SIC\Documents\voice clone scam defense\data\codec\day4\human\scam\spk06_scam_05\spk06_scam_05__opus_8__decoded_16k.wav,S005,human,spk06,dev,14.213162422180176
-9.632431030273438,0.9708398172962998,platt_sigmoid,urgent_legit,opus_8,own,1,kannada,XLSR-SLS,C:\Users\SIC\Documents\voice clone scam defense\data\codec\day4\human\urgent_legit\spk06_urgent_legit_06\spk06_urgent_legit_06__opus_8__decoded_16k.wav,U006,human,spk06,dev,9.632431030273438
-14.39069938659668,0.5967573232572758,platt_sigmoid,urgent_legit,opus_8,own,1,kannada,XLSR-SLS,C:\Users\SIC\Documents\voice clone scam defense\data\codec\day4\human\urgent_legit\spk06_urgent_legit_07\spk06_urgent_legit_07__opus_8__decoded_16k.wav,U007,human,spk06,dev,14.39069938659668
-12.741838455200195,0.813184896972472,platt_sigmoid,benign,opus_8,own,0,hindi,XLSR-SLS,C:\Users\SIC\Documents\voice clone scam defense\data\codec\day4\clone\benign\spk05__clone__B005\spk05__clone__B005__opus_8__decoded_16k.wav,B005,clone,spk05,dev,12.741838455200195
-14.268771171569824,0.6157980876135184,platt_sigmoid,scam,opus_8,own,0,hindi,XLSR-SLS,C:\Users\SIC\Documents\voice clone scam defense\data\codec\day4\clone\scam\spk05__clone__S005\spk05__clone__S005__opus_8__decoded_16k.wav,S005,clone,spk05,dev,14.268771171569824
-14.292801856994629,0.6120713358905517,platt_sigmoid,benign,opus_8,own,0,kannada,XLSR-SLS,C:\Users\SIC\Documents\voice clone scam defense\data\codec\day4\clone\benign\spk06__clone__B005\spk06__clone__B005__opus_8__decoded_16k.wav,B005,clone,spk06,dev,14.292801856994629
-16.002952575683594,0.3400789655899177,platt_sigmoid,scam,opus_8,own,0,kannada,XLSR-SLS,C:\Users\SIC\Documents\voice clone scam defense\data\codec\day4\clone\scam\spk06__clone__S005\spk06__clone__S005__opus_8__decoded_16k.wav,S005,clone,spk06,dev,16.002952575683594
