cer_max,cer_mean,cer_median,cer_min,cer_std,codec,language,n,source_type
0.8837209302325582,0.8713476446034585,0.8713476446034585,0.8589743589743589,0.012373285629099617,amr_nb_12_2,hindi,2,clone
1.1025641025641026,0.9453042200206706,0.9069767441860465,0.9016393442622951,0.07866755802278427,amr_nb_12_2,hindi,5,human
0.8837209302325582,0.8713476446034585,0.8713476446034585,0.8589743589743589,0.012373285629099617,amr_nb_4_75,hindi,2,clone
1.0512820512820513,0.9397469528343052,0.9180327868852459,0.890625,0.05737822134493878,amr_nb_4_75,hindi,5,human
0.8837209302325582,0.8713476446034585,0.8713476446034585,0.8589743589743589,0.012373285629099617,amr_nb_7_4,hindi,2,clone
0.9090909090909091,0.8970633136402293,0.9016393442622951,0.8837209302325582,0.010797855776560113,amr_nb_7_4,hindi,5,human
0.8837209302325582,0.8713476446034585,0.8713476446034585,0.8589743589743589,0.012373285629099617,amr_wb_12_65,hindi,2,clone
0.9180327868852459,0.8925658393741219,0.890625,0.8604651162790697,0.020095155417418933,amr_wb_12_65,hindi,5,human
0.8837209302325582,0.8713476446034585,0.8713476446034585,0.8589743589743589,0.012373285629099617,clean,hindi,2,clone
0.9180327868852459,0.8911453848286672,0.8863636363636364,0.8604651162790697,0.019788212088361526,clean,hindi,5,human
0.8837209302325582,0.8713476446034585,0.8713476446034585,0.8589743589743589,0.012373285629099617,gsm,hindi,2,clone
0.9318181818181818,0.9031349309763815,0.9016393442622951,0.8846153846153846,0.01636580066884531,gsm,hindi,5,human
0.8837209302325582,0.8713476446034585,0.8713476446034585,0.8589743589743589,0.012373285629099617,opus_10,hindi,2,clone
0.9180327868852459,0.8952356501834675,0.890625,0.8837209302325582,0.01230536492472167,opus_10,hindi,5,human
0.8837209302325582,0.8713476446034585,0.8713476446034585,0.8589743589743589,0.012373285629099617,opus_12,hindi,2,clone
0.90625,0.8950819616588774,0.8974358974358975,0.8837209302325582,0.008698822813026802,opus_12,hindi,5,human
0.9069767441860465,0.8829755515802027,0.8829755515802027,0.8589743589743589,0.02400119260584377,opus_8,hindi,2,clone
0.9180327868852459,0.9049931649555173,0.9069767441860465,0.8846153846153846,0.011023533004921092,opus_8,hindi,5,human
2.883720930232558,2.050834824090638,2.050834824090638,1.2179487179487178,0.83288610614192,amr_nb_12_2,kannada,2,clone
3.0232558139534884,1.9819530275925623,2.051282051282051,1.0,0.6486313261121329,amr_nb_12_2,kannada,5,human
1.6666666666666667,1.2868217054263567,1.2868217054263567,0.9069767441860465,0.3798449612403101,amr_nb_4_75,kannada,2,clone
3.0232558139534884,1.544707980972516,1.359375,0.8409090909090909,0.7764651278713284,amr_nb_4_75,kannada,5,human
1.5128205128205128,1.2098986285032796,1.2098986285032796,0.9069767441860465,0.30292188431723316,amr_nb_7_4,kannada,2,clone
2.727272727272727,1.5064259998960245,1.0930232558139534,0.8524590163934426,0.7028629547952491,amr_nb_7_4,kannada,5,human
2.395348837209302,1.633571854502087,1.633571854502087,0.8717948717948718,0.7617769827072152,amr_wb_12_65,kannada,2,clone
2.9318181818181817,2.0072211945031713,2.453125,1.0,0.8363443837715253,amr_wb_12_65,kannada,5,human
2.7209302325581395,1.988670244484198,1.988670244484198,1.2564102564102564,0.7322599880739415,clean,kannada,2,clone
2.6818181818181817,1.7224101479915432,1.930232558139535,1.0,0.6456721922634148,clean,kannada,5,human
2.9302325581395348,2.330500894454383,2.330500894454383,1.7307692307692308,0.599731663685152,gsm,kannada,2,clone
2.813953488372093,1.848258355017076,1.890625,0.9230769230769231,0.7868504861959237,gsm,kannada,5,human
1.9767441860465116,1.4627310673822302,1.4627310673822302,0.9487179487179487,0.5140131186642815,opus_10,kannada,2,clone
1.8409090909090908,1.108154611861007,0.9302325581395349,0.859375,0.3691443612757337,opus_10,kannada,5,human
2.883720930232558,1.8713476446034585,1.8713476446034585,0.8589743589743589,1.0123732856290997,opus_12,kannada,2,clone
2.7954545454545454,1.4747885835095136,1.0,0.9534883720930233,0.7055954026450417,opus_12,kannada,5,human
2.883720930232558,1.8905784138342276,1.8905784138342276,0.8974358974358975,0.9931425163983302,opus_8,kannada,2,clone
2.9318181818181817,1.924154334038055,1.875,1.0,0.8387690480667471,opus_8,kannada,5,human
