bonafide,brier_score_in_sample,codec,dataset,log_loss_in_sample,model,n,platt_a,platt_b,spoof
10,0.19851578982920426,amr_nb_12_2,own,0.5893563720393719,AASIST-L,14,-0.1076471959650922,0.37371305353194906,4
10,0.1941782788007522,amr_nb_4_75,own,0.578297793347436,AASIST-L,14,0.1840375258841435,2.2047183949604015,4
10,0.2029672217749275,amr_nb_7_4,own,0.5962877871022467,AASIST-L,14,0.053611256904398295,1.211239164783721,4
10,0.2038520396343129,amr_wb_12_65,own,0.597791655521186,AASIST-L,14,-0.0247269671060857,0.8113740014920318,4
10,0.18738649836420954,clean,own,0.5685579349631545,AASIST-L,14,-0.17706593233006854,0.42206029775720955,4
10,0.20387086914726066,gsm,own,0.5978471078722684,AASIST-L,14,0.031025578554437844,1.0946928806641136,4
10,0.20353260816559726,opus_10,own,0.5973711779860797,AASIST-L,14,-0.03483635902241406,0.7522199449162035,4
10,0.1965817029663424,opus_12,own,0.5839162370969477,AASIST-L,14,-0.13067047596282003,0.3713485514403709,4
10,0.20382127597138475,opus_8,own,0.5978435102457845,AASIST-L,14,-0.022297060411230512,0.7888692441648396,4
10,0.10210945092205792,amr_nb_12_2,own,0.2905506985826261,XLSR-SLS,14,0.4903920572359206,5.270457786240706,4
10,0.19233018909424796,amr_nb_4_75,own,0.5665040801947966,XLSR-SLS,14,0.4762052083674437,7.805548663376795,4
10,0.0968176473988783,amr_nb_7_4,own,0.2818412400179873,XLSR-SLS,14,0.6727834780320933,8.14444697193348,4
10,0.11834823321049141,amr_wb_12_65,own,0.33786723475043645,XLSR-SLS,14,0.49805476972249046,6.39960400137522,4
10,0.11283694967982529,clean,own,0.3601853517529783,XLSR-SLS,14,0.3460058736815064,2.5265331460742373,4
10,0.07660326475370484,gsm,own,0.2523461088011766,XLSR-SLS,14,1.2198021838206239,16.3385613383386,4
10,0.18901532648872912,opus_10,own,0.5663071999022627,XLSR-SLS,14,0.44753404033901295,7.282341076989371,4
10,0.15287073660668007,opus_12,own,0.4676221686469962,XLSR-SLS,14,0.45217315074640235,6.267875927323502,4
10,0.16404922297135213,opus_8,own,0.49174370030209635,XLSR-SLS,14,0.6543105813553515,9.807958862547403,4
