accuracy,codec,condition,language,macro_f1,n,source_type
0.4,reference,reference_text_clean,english,0.35555555555555557,5,script_bank
0.4,reference,reference_text_clean,hindi,0.35555555555555557,5,script_bank
0.4,reference,reference_text_clean,kannada,0.35555555555555557,5,script_bank
1.0,amr_nb_12_2,whisper_asr,hindi,0.6666666666666666,2,clone
0.5,amr_nb_4_75,whisper_asr,hindi,0.2222222222222222,2,clone
1.0,amr_nb_7_4,whisper_asr,hindi,0.6666666666666666,2,clone
1.0,amr_wb_12_65,whisper_asr,hindi,0.6666666666666666,2,clone
1.0,clean,whisper_asr,hindi,0.6666666666666666,2,clone
1.0,gsm,whisper_asr,hindi,0.6666666666666666,2,clone
1.0,opus_10,whisper_asr,hindi,0.6666666666666666,2,clone
1.0,opus_12,whisper_asr,hindi,0.6666666666666666,2,clone
1.0,opus_8,whisper_asr,hindi,0.6666666666666666,2,clone
0.4,amr_nb_12_2,whisper_asr,hindi,0.35555555555555557,5,human
0.4,amr_nb_4_75,whisper_asr,hindi,0.38888888888888884,5,human
0.4,amr_nb_7_4,whisper_asr,hindi,0.35555555555555557,5,human
0.4,amr_wb_12_65,whisper_asr,hindi,0.35555555555555557,5,human
0.4,clean,whisper_asr,hindi,0.35555555555555557,5,human
0.6,gsm,whisper_asr,hindi,0.611111111111111,5,human
0.4,opus_10,whisper_asr,hindi,0.35555555555555557,5,human
0.4,opus_12,whisper_asr,hindi,0.35555555555555557,5,human
0.4,opus_8,whisper_asr,hindi,0.35555555555555557,5,human
0.0,amr_nb_12_2,whisper_asr,kannada,0.0,2,clone
0.5,amr_nb_4_75,whisper_asr,kannada,0.2222222222222222,2,clone
0.5,amr_nb_7_4,whisper_asr,kannada,0.2222222222222222,2,clone
0.0,amr_wb_12_65,whisper_asr,kannada,0.0,2,clone
0.5,clean,whisper_asr,kannada,0.2222222222222222,2,clone
0.5,gsm,whisper_asr,kannada,0.2222222222222222,2,clone
0.5,opus_10,whisper_asr,kannada,0.2222222222222222,2,clone
0.0,opus_12,whisper_asr,kannada,0.0,2,clone
0.0,opus_8,whisper_asr,kannada,0.0,2,clone
0.4,amr_nb_12_2,whisper_asr,kannada,0.2222222222222222,5,human
0.6,amr_nb_4_75,whisper_asr,kannada,0.48888888888888893,5,human
0.2,amr_nb_7_4,whisper_asr,kannada,0.16666666666666666,5,human
0.2,amr_wb_12_65,whisper_asr,kannada,0.13333333333333333,5,human
0.0,clean,whisper_asr,kannada,0.0,5,human
0.0,gsm,whisper_asr,kannada,0.0,5,human
0.4,opus_10,whisper_asr,kannada,0.19047619047619047,5,human
0.2,opus_12,whisper_asr,kannada,0.1111111111111111,5,human
0.0,opus_8,whisper_asr,kannada,0.0,5,human
